"Sepal.Length","Sepal.Width","Petal.Length"
0,0,0.664521002719167
0,0,0.294044228160377
0.707011998899403,0.162488096597658,0
