"Sepal.Length","Sepal.Width","Petal.Length","Petal.Width","Species"
0,0,0.664521002719167,0.435047676832526,0.487136771044098
0,0,0.294044228160377,0.28890592924258,0.225766936691326
0.707011998899403,0.162488096597658,0,0.885691210185817,0.810648953507966
0.512402522910481,0.162488096597658,0.941461149416525,0,0.810648953507966
0.452128606239572,0.267275011133022,0.940285342586391,0.955435978376685,0
